cx,cy,cz,theta1,theta2,a1,z1,a2,b2,z2,E,status,machine_type,file_name,E1,E2,E3,E4
0.9,2.1,8.3,0,0,3.8,1.3,1.2,4.4,0.0,-2.1176027761684963,Done,2,C5_theta1=0_theta2=0_a1=3.8_z1=1.3_a2=1.2_b2=4.4_z2=0.0_cx=0.9_cy=2.1_cz=8.3.log,-0.5300062412134139,-0.6831607243657345,-0.5868360568128992,-0.3175997537764488
2.7,3.4,8.7,0,180,3.8,1.3,1.2,4.4,0.0,-2.036803333554417,Done,2,C5_theta1=0_theta2=180_a1=3.8_z1=1.3_a2=1.2_b2=4.4_z2=0.0_cx=2.7_cy=3.4_cz=8.7.log,-0.1768335730303079,-0.5777974028023891,-0.4808966810815036,-0.8012756766402163
1.6,1.6,8.2,180,0,3.8,1.3,1.2,4.4,0.0,-2.868079635722097,Done,2,C5_theta1=180_theta2=0_a1=3.8_z1=1.3_a2=1.2_b2=4.4_z2=0.0_cx=1.6_cy=1.6_cz=8.2.log,-0.578624460962601,-1.0999152157164644,-0.6683860014309175,-0.521153957612114
0.8,2.0,8.2,0,0,3.8,1.3,1.2,4.4,0.0,-1.9847375737153925,Done,1,C5_theta1=0_theta2=0_a1=3.8_z1=1.3_a2=1.2_b2=4.4_z2=0.0_cx=0.8_cy=2.0_cz=8.2.log,-0.3821027616795618,-0.71682475329726,-0.5867789533804171,-0.2990311053581536
0.8,2.0,8.3,0,0,3.8,1.3,1.2,4.4,0.0,-2.0573254205664853,Done,1,C5_theta1=0_theta2=0_a1=3.8_z1=1.3_a2=1.2_b2=4.4_z2=0.0_cx=0.8_cy=2.0_cz=8.3.log,-0.4824861639208393,-0.6936997548182262,-0.5994929335138295,-0.2816465683135902
0.8,2.0,8.4,0,0,3.8,1.3,1.2,4.4,0.0,-2.061008904245682,Done,1,C5_theta1=0_theta2=0_a1=3.8_z1=1.3_a2=1.2_b2=4.4_z2=0.0_cx=0.8_cy=2.0_cz=8.4.log,-0.5356607338035246,-0.667848225319176,-0.5922364078578539,-0.2652635372651275
0.8,2.1,8.2,0,0,3.8,1.3,1.2,4.4,0.0,-2.036575547317625,Done,2,C5_theta1=0_theta2=0_a1=3.8_z1=1.3_a2=1.2_b2=4.4_z2=0.0_cx=0.8_cy=2.1_cz=8.2.log,-0.4572539867804153,-0.7161514350882499,-0.5516634937812341,-0.3115066316677257
0.8,2.1,8.3,0,0,3.8,1.3,1.2,4.4,0.0,-2.092513043840881,Done,2,C5_theta1=0_theta2=0_a1=3.8_z1=1.3_a2=1.2_b2=4.4_z2=0.0_cx=0.8_cy=2.1_cz=8.3.log,-0.5262474563060096,-0.6879925513640046,-0.5850156503292965,-0.2932573858415708
0.8,2.1,8.4,0,0,3.8,1.3,1.2,4.4,0.0,-2.0836482100130524,Done,2,C5_theta1=0_theta2=0_a1=3.8_z1=1.3_a2=1.2_b2=4.4_z2=0.0_cx=0.8_cy=2.1_cz=8.4.log,-0.5575344773678808,-0.6581557058962062,-0.5919000624999171,-0.2760579642490484
0.8,2.2,8.2,0,0,3.8,1.3,1.2,4.4,0.0,-2.0436883731890703,Done,1,C5_theta1=0_theta2=0_a1=3.8_z1=1.3_a2=1.2_b2=4.4_z2=0.0_cx=0.8_cy=2.2_cz=8.2.log,-0.5127365384541918,-0.7097075349010993,-0.497156092649675,-0.3240882071841042
0.8,2.2,8.3,0,0,3.8,1.3,1.2,4.4,0.0,-2.094829183202819,Done,1,C5_theta1=0_theta2=0_a1=3.8_z1=1.3_a2=1.2_b2=4.4_z2=0.0_cx=0.8_cy=2.2_cz=8.3.log,-0.5556601050047902,-0.6776562066370388,-0.556573759575258,-0.3049391119857318
0.8,2.2,8.4,0,0,3.8,1.3,1.2,4.4,0.0,-2.0822664330044063,Done,1,C5_theta1=0_theta2=0_a1=3.8_z1=1.3_a2=1.2_b2=4.4_z2=0.0_cx=0.8_cy=2.2_cz=8.4.log,-0.5690317155967932,-0.6448336685425602,-0.5815066144132288,-0.286894434451824
0.9,2.0,8.2,0,0,3.8,1.3,1.2,4.4,0.0,-2.002676202057046,Done,2,C5_theta1=0_theta2=0_a1=3.8_z1=1.3_a2=1.2_b2=4.4_z2=0.0_cx=0.9_cy=2.0_cz=8.2.log,-0.402397690093494,-0.6874930533667793,-0.5888566389912739,-0.3239288196054986
0.9,2.0,8.3,0,0,3.8,1.3,1.2,4.4,0.0,-2.077380640199408,Done,2,C5_theta1=0_theta2=0_a1=3.8_z1=1.3_a2=1.2_b2=4.4_z2=0.0_cx=0.9_cy=2.0_cz=8.3.log,-0.4924209022283321,-0.6776424014242366,-0.6026417787215905,-0.3046755578252487
0.9,2.0,8.4,0,0,3.8,1.3,1.2,4.4,0.0,-2.0836400523839984,Done,2,C5_theta1=0_theta2=0_a1=3.8_z1=1.3_a2=1.2_b2=4.4_z2=0.0_cx=0.9_cy=2.0_cz=8.4.log,-0.5382661553157959,-0.6627722969278693,-0.5961093996011186,-0.2864922005392145
0.9,2.1,8.2,0,0,3.8,1.3,1.2,4.4,0.0,-2.059680465608835,Done,1,C5_theta1=0_theta2=0_a1=3.8_z1=1.3_a2=1.2_b2=4.4_z2=0.0_cx=0.9_cy=2.1_cz=8.2.log,-0.4688221336400602,-0.7011012352741091,-0.5518674345512409,-0.3378896621434251
0.9,2.1,8.4,0,0,3.8,1.3,1.2,4.4,0.0,-2.11085829861986,Done,1,C5_theta1=0_theta2=0_a1=3.8_z1=1.3_a2=1.2_b2=4.4_z2=0.0_cx=0.9_cy=2.1_cz=8.4.log,-0.5558722033892991,-0.6616622317233123,-0.5948694398393854,-0.298454423667863
0.9,2.2,8.2,0,0,3.8,1.3,1.2,4.4,0.0,-2.0710842048574705,Done,2,C5_theta1=0_theta2=0_a1=3.8_z1=1.3_a2=1.2_b2=4.4_z2=0.0_cx=0.9_cy=2.2_cz=8.2.log,-0.5175244397833012,-0.7067563553573564,-0.4947665346262511,-0.3520368750905618
0.9,2.2,8.3,0,0,3.8,1.3,1.2,4.4,0.0,-2.1241608831769554,Done,2,C5_theta1=0_theta2=0_a1=3.8_z1=1.3_a2=1.2_b2=4.4_z2=0.0_cx=0.9_cy=2.2_cz=8.3.log,-0.5546667567105033,-0.6822828378353734,-0.5565298338769935,-0.3306814547540853
0.9,2.2,8.4,0,0,3.8,1.3,1.2,4.4,0.0,-2.113326923034037,Done,2,C5_theta1=0_theta2=0_a1=3.8_z1=1.3_a2=1.2_b2=4.4_z2=0.0_cx=0.9_cy=2.2_cz=8.4.log,-0.5641371376113966,-0.6555038485967088,-0.5831632407935103,-0.3105226960324216
1.0,2.0,8.2,0,0,3.8,1.3,1.2,4.4,0.0,-1.988157503248658,Done,1,C5_theta1=0_theta2=0_a1=3.8_z1=1.3_a2=1.2_b2=4.4_z2=0.0_cx=1.0_cy=2.0_cz=8.2.log,-0.4230747721012449,-0.6235504119104007,-0.5903733306622598,-0.3511589885747526
1.0,2.0,8.3,0,0,3.8,1.3,1.2,4.4,0.0,-2.0702502440690296,Done,1,C5_theta1=0_theta2=0_a1=3.8_z1=1.3_a2=1.2_b2=4.4_z2=0.0_cx=1.0_cy=2.0_cz=8.3.log,-0.5019941947830375,-0.6335548038478009,-0.6049221500579733,-0.3297790953802177
1.0,2.0,8.4,0,0,3.8,1.3,1.2,4.4,0.0,-2.084062366586295,Done,1,C5_theta1=0_theta2=0_a1=3.8_z1=1.3_a2=1.2_b2=4.4_z2=0.0_cx=1.0_cy=2.0_cz=8.4.log,-0.5400903268891852,-0.6355276952526765,-0.5989087216730695,-0.3095356227713637
1.0,2.1,8.2,0,0,3.8,1.3,1.2,4.4,0.0,-2.057334205703228,Done,2,C5_theta1=0_theta2=0_a1=3.8_z1=1.3_a2=1.2_b2=4.4_z2=0.0_cx=1.0_cy=2.1_cz=8.2.log,-0.480541510405601,-0.6578494810091797,-0.5520469024486374,-0.3668963118398096
1.0,2.1,8.3,0,0,3.8,1.3,1.2,4.4,0.0,-2.121313870229642,Done,2,C5_theta1=0_theta2=0_a1=3.8_z1=1.3_a2=1.2_b2=4.4_z2=0.0_cx=1.0_cy=2.1_cz=8.3.log,-0.533291256026132,-0.6555527943710331,-0.5881343750079395,-0.3443354448245372
1.0,2.1,8.4,0,0,3.8,1.3,1.2,4.4,0.0,-2.120517560091685,Done,2,C5_theta1=0_theta2=0_a1=3.8_z1=1.3_a2=1.2_b2=4.4_z2=0.0_cx=1.0_cy=2.1_cz=8.4.log,-0.5533853812521556,-0.6471993812447181,-0.5970067389280302,-0.3229260586667806
1.0,2.2,8.2,0,0,3.8,1.3,1.2,4.4,0.0,-2.0792926631256705,Done,1,C5_theta1=0_theta2=0_a1=3.8_z1=1.3_a2=1.2_b2=4.4_z2=0.0_cx=1.0_cy=2.2_cz=8.2.log,-0.522213822012418,-0.6812650166393723,-0.4930710025946609,-0.3827428218792192
1.0,2.2,8.3,0,0,3.8,1.3,1.2,4.4,0.0,-2.1373906764638377,Done,1,C5_theta1=0_theta2=0_a1=3.8_z1=1.3_a2=1.2_b2=4.4_z2=0.0_cx=1.0_cy=2.2_cz=8.3.log,-0.5530791563796811,-0.6687675274879439,-0.5564702203701017,-0.359073772226111
1.0,2.2,8.4,0,0,3.8,1.3,1.2,4.4,0.0,-2.131138794356957,Done,1,C5_theta1=0_theta2=0_a1=3.8_z1=1.3_a2=1.2_b2=4.4_z2=0.0_cx=1.0_cy=2.2_cz=8.4.log,-0.5583778507862007,-0.6519195115251932,-0.5843291543860687,-0.3365122776594944
2.6,3.3,8.6,0,180,3.8,1.3,1.2,4.4,0.0,-1.9701900094660232,Done,2,C5_theta1=0_theta2=180_a1=3.8_z1=1.3_a2=1.2_b2=4.4_z2=0.0_cx=2.6_cy=3.3_cz=8.6.log,-0.2112493589811492,-0.3704819039703579,-0.4675940966117196,-0.9208646499027964
2.6,3.3,8.7,0,180,3.8,1.3,1.2,4.4,0.0,-2.058918668422848,Done,2,C5_theta1=0_theta2=180_a1=3.8_z1=1.3_a2=1.2_b2=4.4_z2=0.0_cx=2.6_cy=3.3_cz=8.7.log,-0.1937211221375037,-0.5107479592843447,-0.4699918122787494,-0.8844577747222502
2.6,3.3,8.8,0,180,3.8,1.3,1.2,4.4,0.0,-2.079509154049447,Done,2,C5_theta1=0_theta2=180_a1=3.8_z1=1.3_a2=1.2_b2=4.4_z2=0.0_cx=2.6_cy=3.3_cz=8.8.log,-0.177575917361537,-0.597275313193677,-0.4588472346658818,-0.845810688828351
2.6,3.4,8.6,0,180,3.8,1.3,1.2,4.4,0.0,-2.0329435194580583,Done,2,C5_theta1=0_theta2=180_a1=3.8_z1=1.3_a2=1.2_b2=4.4_z2=0.0_cx=2.6_cy=3.4_cz=8.6.log,-0.2012330443540122,-0.4918643008568324,-0.4540568233205704,-0.8857893509266432
2.6,3.4,8.7,0,180,3.8,1.3,1.2,4.4,0.0,-2.0954504180990625,Done,2,C5_theta1=0_theta2=180_a1=3.8_z1=1.3_a2=1.2_b2=4.4_z2=0.0_cx=2.6_cy=3.4_cz=8.7.log,-0.1847257663030177,-0.5843630399322137,-0.4665279570617713,-0.8598336548020598
2.6,3.4,8.8,0,180,3.8,1.3,1.2,4.4,0.0,-2.0975268486654386,Done,2,C5_theta1=0_theta2=180_a1=3.8_z1=1.3_a2=1.2_b2=4.4_z2=0.0_cx=2.6_cy=3.4_cz=8.8.log,-0.1694829209009185,-0.635946244437946,-0.4619502716232091,-0.8301474117033649
2.6,3.5,8.6,0,180,3.8,1.3,1.2,4.4,0.0,-2.0348034591879696,Done,1,C5_theta1=0_theta2=180_a1=3.8_z1=1.3_a2=1.2_b2=4.4_z2=0.0_cx=2.6_cy=3.5_cz=8.6.log,-0.1914796564378775,-0.5723732063779607,-0.4368385764537379,-0.8341120199183933
2.6,3.5,8.7,0,180,3.8,1.3,1.2,4.4,0.0,-2.0858677129726857,Done,1,C5_theta1=0_theta2=180_a1=3.8_z1=1.3_a2=1.2_b2=4.4_z2=0.0_cx=2.6_cy=3.5_cz=8.7.log,-0.1759387438069097,-0.6279511395550799,-0.4604379725351464,-0.8215398570755497
2.6,3.5,8.8,0,180,3.8,1.3,1.2,4.4,0.0,-2.0809417593700346,Done,1,C5_theta1=0_theta2=180_a1=3.8_z1=1.3_a2=1.2_b2=4.4_z2=0.0_cx=2.6_cy=3.5_cz=8.8.log,-0.1617218772007618,-0.6526969963742886,-0.4631500707764644,-0.8033728150185198
2.7,3.3,8.6,0,180,3.8,1.3,1.2,4.4,0.0,-1.9021654153766576,Done,2,C5_theta1=0_theta2=180_a1=3.8_z1=1.3_a2=1.2_b2=4.4_z2=0.0_cx=2.7_cy=3.3_cz=8.6.log,-0.2018304338562302,-0.342579044343438,-0.4892055409727618,-0.8685503962042276
2.7,3.3,8.7,0,180,3.8,1.3,1.2,4.4,0.0,-2.009642190649174,Done,2,C5_theta1=0_theta2=180_a1=3.8_z1=1.3_a2=1.2_b2=4.4_z2=0.0_cx=2.7_cy=3.3_cz=8.7.log,-0.1852861327060964,-0.4956764240923803,-0.4797470827470533,-0.8489325511036441
2.7,3.3,8.8,0,180,3.8,1.3,1.2,4.4,0.0,-2.046761289675487,Done,2,C5_theta1=0_theta2=180_a1=3.8_z1=1.3_a2=1.2_b2=4.4_z2=0.0_cx=2.7_cy=3.3_cz=8.8.log,-0.1699893214681651,-0.5916534510615747,-0.460532099037664,-0.8245864181080833
2.7,3.4,8.6,0,180,3.8,1.3,1.2,4.4,0.0,-1.956596260337392,Done,1,C5_theta1=0_theta2=180_a1=3.8_z1=1.3_a2=1.2_b2=4.4_z2=0.0_cx=2.7_cy=3.4_cz=8.6.log,-0.1924623370869085,-0.4758653058961499,-0.4827911337779369,-0.8054774835763965
2.7,3.4,8.8,0,180,3.8,1.3,1.2,4.4,0.0,-2.055473638523836,Done,1,C5_theta1=0_theta2=180_a1=3.8_z1=1.3_a2=1.2_b2=4.4_z2=0.0_cx=2.7_cy=3.4_cz=8.8.log,-0.1624817917763721,-0.6361809331865516,-0.4665116418618709,-0.7902992716990411
2.7,3.5,8.6,0,180,3.8,1.3,1.2,4.4,0.0,-1.9425952572200915,Done,1,C5_theta1=0_theta2=180_a1=3.8_z1=1.3_a2=1.2_b2=4.4_z2=0.0_cx=2.7_cy=3.5_cz=8.6.log,-0.1833213989157229,-0.5651003654638771,-0.4731255972001236,-0.7210478956403676
2.7,3.5,8.7,0,180,3.8,1.3,1.2,4.4,0.0,-2.0118585559539497,Done,2,C5_theta1=0_theta2=180_a1=3.8_z1=1.3_a2=1.2_b2=4.4_z2=0.0_cx=2.7_cy=3.5_cz=8.7.log,-0.1686244871816598,-0.6274899196869228,-0.479681821714621,-0.7360623273707461
2.7,3.5,8.8,0,180,3.8,1.3,1.2,4.4,0.0,-2.024839855293976,Done,2,C5_theta1=0_theta2=180_a1=3.8_z1=1.3_a2=1.2_b2=4.4_z2=0.0_cx=2.7_cy=3.5_cz=8.8.log,-0.1553062149323523,-0.6570136376540177,-0.4707730622321833,-0.7417469404754229
2.8,3.3,8.6,0,180,3.8,1.3,1.2,4.4,0.0,-1.776307617285056,Done,2,C5_theta1=0_theta2=180_a1=3.8_z1=1.3_a2=1.2_b2=4.4_z2=0.0_cx=2.8_cy=3.3_cz=8.6.log,-0.1926418049552012,-0.3129248042532708,-0.5016063936345745,-0.7691346144420095
2.8,3.3,8.7,0,180,3.8,1.3,1.2,4.4,0.0,-1.9126655402360484,Done,1,C5_theta1=0_theta2=180_a1=3.8_z1=1.3_a2=1.2_b2=4.4_z2=0.0_cx=2.8_cy=3.3_cz=8.7.log,-0.1770080208079889,-0.4789250446483493,-0.4828639249317348,-0.7738685498479754
2.8,3.3,8.8,0,180,3.8,1.3,1.2,4.4,0.0,-1.97523079731036,Done,1,C5_theta1=0_theta2=180_a1=3.8_z1=1.3_a2=1.2_b2=4.4_z2=0.0_cx=2.8_cy=3.3_cz=8.8.log,-0.1626217265438754,-0.5844370861013886,-0.4575727618939709,-0.7705992227711249
2.8,3.4,8.6,0,180,3.8,1.3,1.2,4.4,0.0,-1.811283142131288,Done,2,C5_theta1=0_theta2=180_a1=3.8_z1=1.3_a2=1.2_b2=4.4_z2=0.0_cx=2.8_cy=3.4_cz=8.6.log,-0.183878627809463,-0.4582492176559753,-0.5008872671460267,-0.6682680295198224
2.8,3.4,8.7,0,180,3.8,1.3,1.2,4.4,0.0,-1.921403616957832,Done,2,C5_theta1=0_theta2=180_a1=3.8_z1=1.3_a2=1.2_b2=4.4_z2=0.0_cx=2.8_cy=3.4_cz=8.7.log,-0.1691233576566446,-0.5696611080784351,-0.4876731615513563,-0.6949459896713961
2.8,3.4,8.8,0,180,3.8,1.3,1.2,4.4,0.0,-1.967203689418966,Done,1,C5_theta1=0_theta2=180_a1=3.8_z1=1.3_a2=1.2_b2=4.4_z2=0.0_cx=2.8_cy=3.4_cz=8.8.log,-0.1557090764108579,-0.6349265407188796,-0.465715331636602,-0.7108527406526264
2.8,3.5,8.6,0,180,3.8,1.3,1.2,4.4,0.0,-1.7689456699008588,Done,2,C5_theta1=0_theta2=180_a1=3.8_z1=1.3_a2=1.2_b2=4.4_z2=0.0_cx=2.8_cy=3.5_cz=8.6.log,-0.1753400992020033,-0.5563120878650807,-0.4972947724163532,-0.5399987104174215
2.8,3.5,8.7,0,180,3.8,1.3,1.2,4.4,0.0,-1.8711011603591032,Done,1,C5_theta1=0_theta2=180_a1=3.8_z1=1.3_a2=1.2_b2=4.4_z2=0.0_cx=2.8_cy=3.5_cz=8.7.log,-0.1614940910658333,-0.6255615814588964,-0.4903745921037625,-0.5936708957306109
2.8,3.5,8.8,0,180,3.8,1.3,1.2,4.4,0.0,-1.9143560522061307,Done,1,C5_theta1=0_theta2=180_a1=3.8_z1=1.3_a2=1.2_b2=4.4_z2=0.0_cx=2.8_cy=3.5_cz=8.8.log,-0.1490781782194972,-0.659930304158479,-0.4723317970638163,-0.6330157727643382
1.5,1.5,8.1,180,0,3.8,1.3,1.2,4.4,0.0,-2.851385987218237,Done,2,C5_theta1=180_theta2=0_a1=3.8_z1=1.3_a2=1.2_b2=4.4_z2=0.0_cx=1.5_cy=1.5_cz=8.1.log,-0.5326850813871715,-1.1350206352071837,-0.6739815080945846,-0.5096987625292968
1.5,1.5,8.2,180,0,3.8,1.3,1.2,4.4,0.0,-2.824590055126464,Done,2,C5_theta1=180_theta2=0_a1=3.8_z1=1.3_a2=1.2_b2=4.4_z2=0.0_cx=1.5_cy=1.5_cz=8.2.log,-0.5419214010471478,-1.119997418281855,-0.6639821362332441,-0.498689099564217
1.5,1.5,8.3,180,0,3.8,1.3,1.2,4.4,0.0,-2.746702258926234,Done,2,C5_theta1=180_theta2=0_a1=3.8_z1=1.3_a2=1.2_b2=4.4_z2=0.0_cx=1.5_cy=1.5_cz=8.3.log,-0.5386194434395293,-1.0887762857310008,-0.6359211440139916,-0.4833853857417125
1.5,1.6,8.1,180,0,3.8,1.3,1.2,4.4,0.0,-2.9037542067526374,Done,1,C5_theta1=180_theta2=0_a1=3.8_z1=1.3_a2=1.2_b2=4.4_z2=0.0_cx=1.5_cy=1.6_cz=8.1.log,-0.5688729555695318,-1.1524045447295066,-0.6620412477932405,-0.5204354586603586
1.5,1.6,8.2,180,0,3.8,1.3,1.2,4.4,0.0,-2.8721929638413712,Done,2,C5_theta1=180_theta2=0_a1=3.8_z1=1.3_a2=1.2_b2=4.4_z2=0.0_cx=1.5_cy=1.6_cz=8.2.log,-0.5618837492074817,-1.1284989237610716,-0.6699095956864767,-0.5119006951863412
1.5,1.6,8.3,180,0,3.8,1.3,1.2,4.4,0.0,-2.787624068572768,Done,2,C5_theta1=180_theta2=0_a1=3.8_z1=1.3_a2=1.2_b2=4.4_z2=0.0_cx=1.5_cy=1.6_cz=8.3.log,-0.5464771236584056,-1.0902465416729683,-0.6527177042153198,-0.4981826990260742
1.5,1.7,8.1,180,0,3.8,1.3,1.2,4.4,0.0,-2.9069990609714296,Done,1,C5_theta1=180_theta2=0_a1=3.8_z1=1.3_a2=1.2_b2=4.4_z2=0.0_cx=1.5_cy=1.7_cz=8.1.log,-0.5902547313016839,-1.1531199061428197,-0.6340511642338242,-0.5295732592931017
1.5,1.7,8.2,180,0,3.8,1.3,1.2,4.4,0.0,-2.8813357844774146,Done,1,C5_theta1=180_theta2=0_a1=3.8_z1=1.3_a2=1.2_b2=4.4_z2=0.0_cx=1.5_cy=1.7_cz=8.2.log,-0.5709475036128424,-1.121866770554334,-0.6647338932089042,-0.523787617101334
1.5,1.7,8.3,180,0,3.8,1.3,1.2,4.4,0.0,-2.7992047656152863,Done,2,C5_theta1=180_theta2=0_a1=3.8_z1=1.3_a2=1.2_b2=4.4_z2=0.0_cx=1.5_cy=1.7_cz=8.3.log,-0.546472103567794,-1.0781456388358492,-0.6626900931296404,-0.5118969300820027
1.6,1.5,8.1,180,0,3.8,1.3,1.2,4.4,0.0,-2.8214223846734967,Done,2,C5_theta1=180_theta2=0_a1=3.8_z1=1.3_a2=1.2_b2=4.4_z2=0.0_cx=1.6_cy=1.5_cz=8.1.log,-0.578110530244885,-1.0546046012022998,-0.6732372811820824,-0.5154699720442295
1.6,1.5,8.2,180,0,3.8,1.3,1.2,4.4,0.0,-2.8091859396954533,Done,1,C5_theta1=180_theta2=0_a1=3.8_z1=1.3_a2=1.2_b2=4.4_z2=0.0_cx=1.6_cy=1.5_cz=8.2.log,-0.5707146973873023,-1.0646353485353757,-0.6618642899557017,-0.5119716038170736
1.6,1.5,8.3,180,0,3.8,1.3,1.2,4.4,0.0,-2.741901179921115,Done,2,C5_theta1=180_theta2=0_a1=3.8_z1=1.3_a2=1.2_b2=4.4_z2=0.0_cx=1.6_cy=1.5_cz=8.3.log,-0.5547790809359867,-1.052390118391486,-0.6328306572977453,-0.5019013232958969
1.6,1.6,8.1,180,0,3.8,1.3,1.2,4.4,0.0,-2.8836839268915355,Done,2,C5_theta1=180_theta2=0_a1=3.8_z1=1.3_a2=1.2_b2=4.4_z2=0.0_cx=1.6_cy=1.6_cz=8.1.log,-0.5977515932754613,-1.1032466663164089,-0.6623437076341361,-0.5203419596655294
1.6,1.6,8.3,180,0,3.8,1.3,1.2,4.4,0.0,-2.794963425491005,Done,1,C5_theta1=180_theta2=0_a1=3.8_z1=1.3_a2=1.2_b2=4.4_z2=0.0_cx=1.6_cy=1.6_cz=8.3.log,-0.5540568169672042,-1.0768008848826869,-0.6499554051843006,-0.5141503184568137
1.6,1.7,8.1,180,0,3.8,1.3,1.2,4.4,0.0,-2.893450492614648,Done,1,C5_theta1=180_theta2=0_a1=3.8_z1=1.3_a2=1.2_b2=4.4_z2=0.0_cx=1.6_cy=1.7_cz=8.1.log,-0.6059656991856173,-1.128796991019044,-0.6358351751987357,-0.5228526272112504
1.6,1.7,8.2,180,0,3.8,1.3,1.2,4.4,0.0,-2.8846816677832976,Done,2,C5_theta1=180_theta2=0_a1=3.8_z1=1.3_a2=1.2_b2=4.4_z2=0.0_cx=1.6_cy=1.7_cz=8.2.log,-0.5781218254123814,-1.1142469166370574,-0.663965820975136,-0.5283471047587227
1.6,1.7,8.3,180,0,3.8,1.3,1.2,4.4,0.0,-2.8148059192753863,Done,2,C5_theta1=180_theta2=0_a1=3.8_z1=1.3_a2=1.2_b2=4.4_z2=0.0_cx=1.6_cy=1.7_cz=8.3.log,-0.5472163304511923,-1.0824679277429825,-0.6603488533291966,-0.5247728077520151
1.7,1.5,8.1,180,0,3.8,1.3,1.2,4.4,0.0,-2.706233511591563,Done,2,C5_theta1=180_theta2=0_a1=3.8_z1=1.3_a2=1.2_b2=4.4_z2=0.0_cx=1.7_cy=1.5_cz=8.1.log,-0.6065348507254384,-0.9191615877789444,-0.6719320604170207,-0.5086050126701593
1.7,1.5,8.2,180,0,3.8,1.3,1.2,4.4,0.0,-2.7237171951856,Done,1,C5_theta1=180_theta2=0_a1=3.8_z1=1.3_a2=1.2_b2=4.4_z2=0.0_cx=1.7_cy=1.5_cz=8.2.log,-0.5865819152677432,-0.9621297075063922,-0.6588735773111694,-0.5161319951002952
1.7,1.5,8.3,180,0,3.8,1.3,1.2,4.4,0.0,-2.6796910934790503,Done,1,C5_theta1=180_theta2=0_a1=3.8_z1=1.3_a2=1.2_b2=4.4_z2=0.0_cx=1.7_cy=1.5_cz=8.3.log,-0.5611708977958187,-0.975490022887243,-0.6288359286263585,-0.5141942441696301
1.7,1.6,8.1,180,0,3.8,1.3,1.2,4.4,0.0,-2.7907032601651736,Done,1,C5_theta1=180_theta2=0_a1=3.8_z1=1.3_a2=1.2_b2=4.4_z2=0.0_cx=1.7_cy=1.6_cz=8.1.log,-0.6133420792466495,-1.010312435333617,-0.6624277939554304,-0.5046209516294766
1.7,1.6,8.2,180,0,3.8,1.3,1.2,4.4,0.0,-2.804514127754373,Done,2,C5_theta1=180_theta2=0_a1=3.8_z1=1.3_a2=1.2_b2=4.4_z2=0.0_cx=1.7_cy=1.6_cz=8.2.log,-0.5851775479095522,-1.0342845723498613,-0.6660937073756941,-0.5189583001192659
1.7,1.6,8.3,180,0,3.8,1.3,1.2,4.4,0.0,-2.753966314703576,Done,2,C5_theta1=180_theta2=0_a1=3.8_z1=1.3_a2=1.2_b2=4.4_z2=0.0_cx=1.7_cy=1.6_cz=8.3.log,-0.553835933416849,-1.0317582170828246,-0.6462669014290441,-0.5221052627748577
1.7,1.7,8.1,180,0,3.8,1.3,1.2,4.4,0.0,-2.8167035094520543,Done,2,C5_theta1=180_theta2=0_a1=3.8_z1=1.3_a2=1.2_b2=4.4_z2=0.0_cx=1.7_cy=1.7_cz=8.1.log,-0.6113993082544766,-1.0703714174451306,-0.6377785736112855,-0.4971542101411614
1.7,1.7,8.2,180,0,3.8,1.3,1.2,4.4,0.0,-2.837014753196854,Done,1,C5_theta1=180_theta2=0_a1=3.8_z1=1.3_a2=1.2_b2=4.4_z2=0.0_cx=1.7_cy=1.7_cz=8.2.log,-0.5773054349410813,-1.078115518350387,-0.6626907206373289,-0.5189030792680569
1.7,1.7,8.3,180,0,3.8,1.3,1.2,4.4,0.0,-2.789223591564223,Done,1,C5_theta1=180_theta2=0_a1=3.8_z1=1.3_a2=1.2_b2=4.4_z2=0.0_cx=1.7_cy=1.7_cz=8.3.log,-0.5418812404095661,-1.06260786371422,-0.6571065091702621,-0.5276279782701749
0.9,2.3,8.2,0,0,3.8,1.3,1.2,4.4,0.0,-2.03568511067715,Done,1,C5_theta1=0_theta2=0_a1=3.8_z1=1.3_a2=1.2_b2=4.4_z2=0.0_cx=0.9_cy=2.3_cz=8.2.log,-0.5504674597468693,-0.7049899147095857,-0.4139896823471645,-0.3662380538735306
0.9,2.3,8.3,0,0,3.8,1.3,1.2,4.4,0.0,-2.096254258445697,Done,2,C5_theta1=0_theta2=0_a1=3.8_z1=1.3_a2=1.2_b2=4.4_z2=0.0_cx=0.9_cy=2.3_cz=8.3.log,-0.5679956965759629,-0.6754442339006346,-0.5089658308861544,-0.3438484970829449
0.9,2.3,8.4,0,0,3.8,1.3,1.2,4.4,0.0,-2.090640553913545,Done,2,C5_theta1=0_theta2=0_a1=3.8_z1=1.3_a2=1.2_b2=4.4_z2=0.0_cx=0.9_cy=2.3_cz=8.4.log,-0.5642877399805002,-0.6446479255973827,-0.5590329712285893,-0.3226719171070726
1.0,2.3,8.2,0,0,3.8,1.3,1.2,4.4,0.0,-2.052326048375108,Done,2,C5_theta1=0_theta2=0_a1=3.8_z1=1.3_a2=1.2_b2=4.4_z2=0.0_cx=1.0_cy=2.3_cz=8.2.log,-0.5497370380908251,-0.6943410700187087,-0.409726379395579,-0.3985215608699946
1.0,2.3,8.3,0,0,3.8,1.3,1.2,4.4,0.0,-2.1172325452498626,Done,1,C5_theta1=0_theta2=0_a1=3.8_z1=1.3_a2=1.2_b2=4.4_z2=0.0_cx=1.0_cy=2.3_cz=8.3.log,-0.5627409278531559,-0.6736489277682267,-0.5070287075068336,-0.3738139821216464
1.0,2.3,8.4,0,0,3.8,1.3,1.2,4.4,0.0,-2.11523078836035,Done,1,C5_theta1=0_theta2=0_a1=3.8_z1=1.3_a2=1.2_b2=4.4_z2=0.0_cx=1.0_cy=2.3_cz=8.4.log,-0.5561345025780611,-0.6500482766859932,-0.558862288526143,-0.3501857205701526
1.1,2.1,8.2,0,0,3.8,1.3,1.2,4.4,0.0,-2.0192625464551384,Done,2,C5_theta1=0_theta2=0_a1=3.8_z1=1.3_a2=1.2_b2=4.4_z2=0.0_cx=1.1_cy=2.1_cz=8.2.log,-0.4919339544430841,-0.5769163787335856,-0.5521742869605077,-0.3982379263179609
1.1,2.1,8.3,0,0,3.8,1.3,1.2,4.4,0.0,-2.0955081489955774,Done,2,C5_theta1=0_theta2=0_a1=3.8_z1=1.3_a2=1.2_b2=4.4_z2=0.0_cx=1.1_cy=2.1_cz=8.3.log,-0.5357937658991432,-0.5973154738021549,-0.5889074673468713,-0.373491441947408
1.1,2.1,8.4,0,0,3.8,1.3,1.2,4.4,0.0,-2.1064318431308493,Done,2,C5_theta1=0_theta2=0_a1=3.8_z1=1.3_a2=1.2_b2=4.4_z2=0.0_cx=1.1_cy=2.1_cz=8.4.log,-0.5498926605941961,-0.6084167532535503,-0.5982994094956666,-0.3498230197874363
1.1,2.2,8.2,0,0,3.8,1.3,1.2,4.4,0.0,-2.0597275288018864,Done,1,C5_theta1=0_theta2=0_a1=3.8_z1=1.3_a2=1.2_b2=4.4_z2=0.0_cx=1.1_cy=2.2_cz=8.2.log,-0.5264834000408882,-0.6255553063674597,-0.4920669865823583,-0.41562183581118
1.1,2.2,8.3,0,0,3.8,1.3,1.2,4.4,0.0,-2.127607167989481,Done,2,C5_theta1=0_theta2=0_a1=3.8_z1=1.3_a2=1.2_b2=4.4_z2=0.0_cx=1.1_cy=2.2_cz=8.3.log,-0.5507052860339172,-0.6307291263074148,-0.5564193920727121,-0.3897533635754371
1.1,2.2,8.4,0,0,3.8,1.3,1.2,4.4,0.0,-2.130574662820436,Done,2,C5_theta1=0_theta2=0_a1=3.8_z1=1.3_a2=1.2_b2=4.4_z2=0.0_cx=1.1_cy=2.2_cz=8.4.log,-0.5516584737051744,-0.6289206424844451,-0.5850200428685639,-0.3649755037622526
1.1,2.3,8.2,0,0,3.8,1.3,1.2,4.4,0.0,-2.048461841826793,Done,2,C5_theta1=0_theta2=0_a1=3.8_z1=1.3_a2=1.2_b2=4.4_z2=0.0_cx=1.1_cy=2.3_cz=8.2.log,-0.54848390063853,-0.6599058312567649,-0.4071560984739335,-0.4329160114575643
1.1,2.3,8.3,0,0,3.8,1.3,1.2,4.4,0.0,-2.121045295993099,Done,1,C5_theta1=0_theta2=0_a1=3.8_z1=1.3_a2=1.2_b2=4.4_z2=0.0_cx=1.1_cy=2.3_cz=8.3.log,-0.5566829462914029,-0.6526041249162517,-0.5058389485493535,-0.4059192762360908
1.1,2.3,8.4,0,0,3.8,1.3,1.2,4.4,0.0,-2.126119341875892,Done,1,C5_theta1=0_theta2=0_a1=3.8_z1=1.3_a2=1.2_b2=4.4_z2=0.0_cx=1.1_cy=2.3_cz=8.4.log,-0.5470418826880632,-0.6402691608382156,-0.5587305114459014,-0.3800777869037119
2.5,3.3,8.7,0,180,3.8,1.3,1.2,4.4,0.0,-2.070078306249343,Done,1,C5_theta1=0_theta2=180_a1=3.8_z1=1.3_a2=1.2_b2=4.4_z2=0.0_cx=2.5_cy=3.3_cz=8.7.log,-0.2022853786183986,-0.5241540829010773,-0.4530477872758638,-0.890591057454003
2.5,3.3,8.8,0,180,3.8,1.3,1.2,4.4,0.0,-2.081531618750887,Done,2,C5_theta1=0_theta2=180_a1=3.8_z1=1.3_a2=1.2_b2=4.4_z2=0.0_cx=2.5_cy=3.3_cz=8.8.log,-0.1853024479351006,-0.6013365579128731,-0.451994825474685,-0.8428977874282282
2.5,3.3,8.9,0,180,3.8,1.3,1.2,4.4,0.0,-2.0438050900993403,Done,2,C5_theta1=0_theta2=180_a1=3.8_z1=1.3_a2=1.2_b2=4.4_z2=0.0_cx=2.5_cy=3.3_cz=8.9.log,-0.1696805865212809,-0.6403601497877389,-0.4383803685486782,-0.7953839852416422
2.5,3.4,8.7,0,180,3.8,1.3,1.2,4.4,0.0,-2.108528981509153,Done,2,C5_theta1=0_theta2=180_a1=3.8_z1=1.3_a2=1.2_b2=4.4_z2=0.0_cx=2.5_cy=3.4_cz=8.7.log,-0.192745344073046,-0.58940571025596,-0.4439244194072671,-0.8824535077728797
2.5,3.4,8.8,0,180,3.8,1.3,1.2,4.4,0.0,-2.102883274055785,Done,1,C5_theta1=0_theta2=180_a1=3.8_z1=1.3_a2=1.2_b2=4.4_z2=0.0_cx=2.5_cy=3.4_cz=8.8.log,-0.1766697928833309,-0.6342400447465479,-0.451509760285262,-0.8404636761406437
2.5,3.4,8.9,0,180,3.8,1.3,1.2,4.4,0.0,-2.0530414097884204,Done,1,C5_theta1=0_theta2=180_a1=3.8_z1=1.3_a2=1.2_b2=4.4_z2=0.0_cx=2.5_cy=3.4_cz=8.9.log,-0.1620977557031437,-0.64986253369716,-0.4433477376878727,-0.797733382700244
2.5,3.5,8.7,0,180,3.8,1.3,1.2,4.4,0.0,-2.1060766724694986,Done,2,C5_theta1=0_theta2=180_a1=3.8_z1=1.3_a2=1.2_b2=4.4_z2=0.0_cx=2.5_cy=3.5_cz=8.7.log,-0.183398582652444,-0.6269885392102879,-0.4318680697469972,-0.8638214808597695
2.5,3.5,8.8,0,180,3.8,1.3,1.2,4.4,0.0,-2.0936921351240017,Done,2,C5_theta1=0_theta2=180_a1=3.8_z1=1.3_a2=1.2_b2=4.4_z2=0.0_cx=2.5_cy=3.5_cz=8.8.log,-0.1683107322023715,-0.6469703401089646,-0.448950774531113,-0.8294602882815525
2.5,3.5,8.9,0,180,3.8,1.3,1.2,4.4,0.0,-2.039687369397143,Done,2,C5_theta1=0_theta2=180_a1=3.8_z1=1.3_a2=1.2_b2=4.4_z2=0.0_cx=2.5_cy=3.5_cz=8.9.log,-0.1549159037240315,-0.6448970470519271,-0.4468166129372548,-0.7930578056839295
2.6,3.3,8.9,0,180,3.8,1.3,1.2,4.4,0.0,-2.0499502954771742,Done,1,C5_theta1=0_theta2=180_a1=3.8_z1=1.3_a2=1.2_b2=4.4_z2=0.0_cx=2.6_cy=3.3_cz=8.9.log,-0.1628526501881424,-0.6429567861778196,-0.4385410110990051,-0.8055998480122071
2.6,3.4,8.9,0,180,3.8,1.3,1.2,4.4,0.0,-2.055275972787058,Done,1,C5_theta1=0_theta2=180_a1=3.8_z1=1.3_a2=1.2_b2=4.4_z2=0.0_cx=2.6_cy=3.4_cz=8.9.log,-0.1558571687201038,-0.6562669007398654,-0.4456513268814888,-0.7975005764456
2.6,3.5,8.9,0,180,3.8,1.3,1.2,4.4,0.0,-2.034848639770644,Done,1,C5_theta1=0_theta2=180_a1=3.8_z1=1.3_a2=1.2_b2=4.4_z2=0.0_cx=2.6_cy=3.5_cz=8.9.log,-0.1492174854211043,-0.6538127091189381,-0.451398690987844,-0.7804197542427573
2.7,3.3,8.9,0,180,3.8,1.3,1.2,4.4,0.0,-2.031701677158708,Done,2,C5_theta1=0_theta2=180_a1=3.8_z1=1.3_a2=1.2_b2=4.4_z2=0.0_cx=2.7_cy=3.3_cz=8.9.log,-0.1562424598669167,-0.6440216706250794,-0.4351242191332858,-0.7963133275334258
2.7,3.4,8.9,0,180,3.8,1.3,1.2,4.4,0.0,-2.028286140237469,Done,2,C5_theta1=0_theta2=180_a1=3.8_z1=1.3_a2=1.2_b2=4.4_z2=0.0_cx=2.7_cy=3.4_cz=8.9.log,-0.1498142474447377,-0.6612060319457669,-0.4438528832688462,-0.7734129775781184
2.7,3.5,8.9,0,180,3.8,1.3,1.2,4.4,0.0,-1.9953857909713408,Done,2,C5_theta1=0_theta2=180_a1=3.8_z1=1.3_a2=1.2_b2=4.4_z2=0.0_cx=2.7_cy=3.5_cz=8.9.log,-0.1436514717352111,-0.6613503592961933,-0.4513528827519621,-0.739031077187974
1.4,1.6,8.0,180,0,3.8,1.3,1.2,4.4,0.0,-2.827015381277306,Done,1,C5_theta1=180_theta2=0_a1=3.8_z1=1.3_a2=1.2_b2=4.4_z2=0.0_cx=1.4_cy=1.6_cz=8.0.log,-0.5013905301457271,-1.190872162755113,-0.6152804575685877,-0.5194722308078781
1.4,1.6,8.1,180,0,3.8,1.3,1.2,4.4,0.0,-2.8630074723041616,Done,1,C5_theta1=180_theta2=0_a1=3.8_z1=1.3_a2=1.2_b2=4.4_z2=0.0_cx=1.4_cy=1.6_cz=8.1.log,-0.5248098308220506,-1.16743403673172,-0.6617262377403677,-0.5090373670100234
1.4,1.6,8.2,180,0,3.8,1.3,1.2,4.4,0.0,-2.827344196586637,Done,1,C5_theta1=180_theta2=0_a1=3.8_z1=1.3_a2=1.2_b2=4.4_z2=0.0_cx=1.4_cy=1.6_cz=8.2.log,-0.5335328473884147,-1.1284719408140518,-0.6708163476432674,-0.494523060740903
1.4,1.7,8.0,180,0,3.8,1.3,1.2,4.4,0.0,-2.8242047640960664,Done,2,C5_theta1=180_theta2=0_a1=3.8_z1=1.3_a2=1.2_b2=4.4_z2=0.0_cx=1.4_cy=1.7_cz=8.0.log,-0.5610253155173268,-1.180428513820516,-0.5520676102896687,-0.5306833244685549
1.4,1.7,8.1,180,0,3.8,1.3,1.2,4.4,0.0,-2.868254083499778,Done,2,C5_theta1=180_theta2=0_a1=3.8_z1=1.3_a2=1.2_b2=4.4_z2=0.0_cx=1.4_cy=1.7_cz=8.1.log,-0.562826269218931,-1.1504674213356338,-0.6326675046875607,-0.5222928882576525
1.4,1.7,8.2,180,0,3.8,1.3,1.2,4.4,0.0,-2.836109883763129,Done,2,C5_theta1=180_theta2=0_a1=3.8_z1=1.3_a2=1.2_b2=4.4_z2=0.0_cx=1.4_cy=1.7_cz=8.2.log,-0.5547627657069825,-1.1070751048391685,-0.6651631100394297,-0.5091089031775482
1.4,1.8,8.0,180,0,3.8,1.3,1.2,4.4,0.0,-2.760077007143991,Done,2,C5_theta1=180_theta2=0_a1=3.8_z1=1.3_a2=1.2_b2=4.4_z2=0.0_cx=1.4_cy=1.8_cz=8.0.log,-0.5989614325808361,-1.1592575814574957,-0.461012144194683,-0.5408458489109762
1.4,1.8,8.1,180,0,3.8,1.3,1.2,4.4,0.0,-2.827192966651637,Done,1,C5_theta1=180_theta2=0_a1=3.8_z1=1.3_a2=1.2_b2=4.4_z2=0.0_cx=1.4_cy=1.8_cz=8.1.log,-0.5844590489577968,-1.123852839722531,-0.5842883662262466,-0.5345927117450628
1.4,1.8,8.2,180,0,3.8,1.3,1.2,4.4,0.0,-2.809859257919016,Done,2,C5_theta1=180_theta2=0_a1=3.8_z1=1.3_a2=1.2_b2=4.4_z2=0.0_cx=1.4_cy=1.8_cz=8.2.log,-0.5639444919943344,-1.077065066609066,-0.64599644462578,-0.522853254689835
1.5,1.6,8.0,180,0,3.8,1.3,1.2,4.4,0.0,-2.8606022265157662,Done,1,C5_theta1=180_theta2=0_a1=3.8_z1=1.3_a2=1.2_b2=4.4_z2=0.0_cx=1.5_cy=1.6_cz=8.0.log,-0.5653883925406262,-1.1546146348991897,-0.6179360799433198,-0.5226631191326305
1.5,1.7,8.0,180,0,3.8,1.3,1.2,4.4,0.0,-2.853008728037821,Done,1,C5_theta1=180_theta2=0_a1=3.8_z1=1.3_a2=1.2_b2=4.4_z2=0.0_cx=1.5_cy=1.7_cz=8.0.log,-0.6029197656316683,-1.165445457532769,-0.5565712495008484,-0.5280722553725354
1.5,1.8,8.0,180,0,3.8,1.3,1.2,4.4,0.0,-2.7843064232438337,Done,2,C5_theta1=180_theta2=0_a1=3.8_z1=1.3_a2=1.2_b2=4.4_z2=0.0_cx=1.5_cy=1.8_cz=8.0.log,-0.6234650705591775,-1.1613484447589144,-0.4675671136646997,-0.531925794261042
1.5,1.8,8.1,180,0,3.8,1.3,1.2,4.4,0.0,-2.8635728588851634,Done,2,C5_theta1=180_theta2=0_a1=3.8_z1=1.3_a2=1.2_b2=4.4_z2=0.0_cx=1.5_cy=1.8_cz=8.1.log,-0.5989237819449045,-1.1402327332471032,-0.5871140437666327,-0.5373022999265231
1.5,1.8,8.2,180,0,3.8,1.3,1.2,4.4,0.0,-2.8543566195003223,Done,2,C5_theta1=180_theta2=0_a1=3.8_z1=1.3_a2=1.2_b2=4.4_z2=0.0_cx=1.5_cy=1.8_cz=8.2.log,-0.570691479544621,-1.1029718169593252,-0.6462738039845135,-0.5344195190118626
1.6,1.6,8.0,180,0,3.8,1.3,1.2,4.4,0.0,-2.8186657332407776,Done,2,C5_theta1=180_theta2=0_a1=3.8_z1=1.3_a2=1.2_b2=4.4_z2=0.0_cx=1.6_cy=1.6_cz=8.0.log,-0.6099271698039956,-1.0770970696175937,-0.6212989060149994,-0.510342587804189
1.6,1.7,8.0,180,0,3.8,1.3,1.2,4.4,0.0,-2.816210286677233,Done,1,C5_theta1=180_theta2=0_a1=3.8_z1=1.3_a2=1.2_b2=4.4_z2=0.0_cx=1.6_cy=1.7_cz=8.0.log,-0.6297414255532203,-1.117447845172137,-0.5623273988021538,-0.5066936171497218
1.6,1.8,8.0,180,0,3.8,1.3,1.2,4.4,0.0,-2.7505696030857507,Done,1,C5_theta1=180_theta2=0_a1=3.8_z1=1.3_a2=1.2_b2=4.4_z2=0.0_cx=1.6_cy=1.8_cz=8.0.log,-0.6365524190769065,-1.1371303237974644,-0.4761715307831764,-0.5007153294282034
1.6,1.8,8.1,180,0,3.8,1.3,1.2,4.4,0.0,-2.854015881574014,Done,1,C5_theta1=180_theta2=0_a1=3.8_z1=1.3_a2=1.2_b2=4.4_z2=0.0_cx=1.6_cy=1.8_cz=8.1.log,-0.604449634993216,-1.1355044454103336,-0.5907554842706304,-0.5233063168998342
1.6,1.8,8.2,180,0,3.8,1.3,1.2,4.4,0.0,-2.862352351949085,Done,2,C5_theta1=180_theta2=0_a1=3.8_z1=1.3_a2=1.2_b2=4.4_z2=0.0_cx=1.6_cy=1.8_cz=8.2.log,-0.5704398480302189,-1.111608864594018,-0.6465812839451246,-0.533722355379723
2.4,3.3,8.6,0,180,3.8,1.3,1.2,4.4,0.0,-1.9746704308636247,Done,2,C5_theta1=0_theta2=180_a1=3.8_z1=1.3_a2=1.2_b2=4.4_z2=0.0_cx=2.4_cy=3.3_cz=8.6.log,-0.2308339460869319,-0.4212317752535455,-0.3934437499119667,-0.9291609596111812
2.4,3.3,8.7,0,180,3.8,1.3,1.2,4.4,0.0,-2.050820651871618,Done,2,C5_theta1=0_theta2=180_a1=3.8_z1=1.3_a2=1.2_b2=4.4_z2=0.0_cx=2.4_cy=3.3_cz=8.7.log,-0.2109719995351042,-0.5359782538434956,-0.4285184213949833,-0.8753519770980347
2.4,3.3,8.8,0,180,3.8,1.3,1.2,4.4,0.0,-2.059182222612435,Done,1,C5_theta1=0_theta2=180_a1=3.8_z1=1.3_a2=1.2_b2=4.4_z2=0.0_cx=2.4_cy=3.3_cz=8.8.log,-0.1931080448557622,-0.6038572655816097,-0.4397370451479219,-0.8224798670271412
2.4,3.4,8.6,0,180,3.8,1.3,1.2,4.4,0.0,-2.027957325088209,Done,1,C5_theta1=0_theta2=180_a1=3.8_z1=1.3_a2=1.2_b2=4.4_z2=0.0_cx=2.4_cy=3.4_cz=8.6.log,-0.2192789769324008,-0.5191885962995002,-0.3609431245131418,-0.9285466273431666
2.4,3.4,8.7,0,180,3.8,1.3,1.2,4.4,0.0,-2.0852326727181207,Done,1,C5_theta1=0_theta2=180_a1=3.8_z1=1.3_a2=1.2_b2=4.4_z2=0.0_cx=2.4_cy=3.4_cz=8.7.log,-0.2008521457901224,-0.5929862822813448,-0.4125984926358796,-0.8787957520107739
2.4,3.4,8.8,0,180,3.8,1.3,1.2,4.4,0.0,-2.0793052133522,Done,2,C5_theta1=0_theta2=180_a1=3.8_z1=1.3_a2=1.2_b2=4.4_z2=0.0_cx=2.4_cy=3.4_cz=8.8.log,-0.1839702442812267,-0.6310704917414114,-0.4349428687710315,-0.82932160855853
2.4,3.5,8.6,0,180,3.8,1.3,1.2,4.4,0.0,-2.032851275522262,Done,2,C5_theta1=0_theta2=180_a1=3.8_z1=1.3_a2=1.2_b2=4.4_z2=0.0_cx=2.4_cy=3.5_cz=8.6.log,-0.2081952677690424,-0.582553301093867,-0.3239030916884076,-0.9181996149709448
2.4,3.5,8.7,0,180,3.8,1.3,1.2,4.4,0.0,-2.0832258957671,Done,2,C5_theta1=0_theta2=180_a1=3.8_z1=1.3_a2=1.2_b2=4.4_z2=0.0_cx=2.4_cy=3.5_cz=8.7.log,-0.1909550580312498,-0.6246334941824898,-0.3934456324495841,-0.8741917111037765
2.4,3.5,8.8,0,180,3.8,1.3,1.2,4.4,0.0,-2.0723160068737343,Done,1,C5_theta1=0_theta2=180_a1=3.8_z1=1.3_a2=1.2_b2=4.4_z2=0.0_cx=2.4_cy=3.5_cz=8.8.log,-0.175046424526954,-0.6398512391315307,-0.427878361166222,-0.8295399820490275
2.5,3.3,8.6,0,180,3.8,1.3,1.2,4.4,0.0,-1.991329566342756,Done,1,C5_theta1=0_theta2=180_a1=3.8_z1=1.3_a2=1.2_b2=4.4_z2=0.0_cx=2.5_cy=3.3_cz=8.6.log,-0.2209142679930664,-0.3966685238410719,-0.4358615433739032,-0.9378852311347146
2.5,3.4,8.6,0,180,3.8,1.3,1.2,4.4,0.0,-2.0530909830413293,Done,2,C5_theta1=0_theta2=180_a1=3.8_z1=1.3_a2=1.2_b2=4.4_z2=0.0_cx=2.5_cy=3.4_cz=8.6.log,-0.2101719242637045,-0.5062744405004196,-0.4136282365361694,-0.9230163817410356
2.5,3.5,8.6,0,180,3.8,1.3,1.2,4.4,0.0,-2.0606606362271123,Done,1,C5_theta1=0_theta2=180_a1=3.8_z1=1.3_a2=1.2_b2=4.4_z2=0.0_cx=2.5_cy=3.5_cz=8.6.log,-0.19977973119239323,-0.5781632411235478,-0.3872885043383576,-0.8954291595728137
